"Path","Bytes","Lines","Kind","Symbols"
".gitignore","295","22","text","# Common ignores | node_modules/ | dist/"
".idea/.gitignore","238","10","text","# Default ignored files | /shelf/ | /workspace.xml"
".idea/copilot.data.migration.ask2agent.xml","199","6","text","<project version=""4"">"
".idea/misc.xml","238","6","text","<project version=""4"">"
".idea/modules.xml","279","8","text","<project version=""4"">"
".idea/vcs.xml","172","6","text","<project version=""4"">"
".idea/workspace.xml","46455","308","text","<project version=""4"">"
".vscode/settings.json","168","3","text",""
"android/.gitignore","240","15","text","*.iml | .gradle | /local.properties"
"android/app/.gitignore","6","1","text","/build"
"android/app/build.gradle.kts","3558","96","text","import java.util.Properties |  | plugins {"
"android/app/proguard-rules.pro","770","18","text","# Add project specific ProGuard rules here. | # You can control the set of applied configuration files using the | # proguardFiles setting in build.gradle."
"android/app/src/androidTest/java/com/ganesh/ev/ExampleInstrumentedTest.kt","676","20","text","class ExampleInstrumentedTest {; fun useAppContext() {"
"android/app/src/main/AndroidManifest.xml","1585","35","text","<manifest xmlns:android=""http://schemas.android.com/apk/res/android"""
"android/app/src/main/ic_launcher-playstore.png","30398","0","binary",""
"android/app/src/main/java/com/ganesh/ev/data/model/LivePowerData.kt","260","9","text","data class LivePowerData("
"android/app/src/main/java/com/ganesh/ev/data/model/Models.kt","5106","146","text","data class User(; data class Station(; data class Dispensary(; data class ChargerSlot(; data class Booking(; data class ChargingSession(; data class SimpleChargingSession(val id: Long); data class Payment(; data class OtpRequest(val mobileNumber: String); data class OtpValidateRequest(val mobileNumber: String, val otp: String)"
"android/app/src/main/java/com/ganesh/ev/data/model/StationMarker.kt","480","14","text","data class StationMarker("
"android/app/src/main/java/com/ganesh/ev/data/model/StationPin.kt","302","7","text","data class StationPin(val id: Long, val latitude: Double, val longitude: Double) : Serializable"
"android/app/src/main/java/com/ganesh/ev/data/model/StationWithScore.kt","541","16","text","data class StationWithScore("
"android/app/src/main/java/com/ganesh/ev/data/model/ViewportResponse.kt","351","10","text","data class ViewportResponse("
"android/app/src/main/java/com/ganesh/ev/data/network/ApiService.kt","6267","129","text",""
"android/app/src/main/java/com/ganesh/ev/data/network/RetrofitClient.kt","2163","52","text","object RetrofitClient {; fun setAuthToken(token: String) {; fun clearAuthToken() {"
"android/app/src/main/java/com/ganesh/ev/data/network/StompClient.kt","3192","72","text","class StompClient(private val url: String) {; fun connect(headers: Map<String, String> = emptyMap()) {; fun subscribe(topic: String, callback: (String) -> Unit) {; fun disconnect() {"
"android/app/src/main/java/com/ganesh/ev/data/repository/UserPreferencesRepository.kt","2743","57","text","class UserPreferencesRepository(private val context: Context) {"
"android/app/src/main/java/com/ganesh/ev/MainActivity.kt","22609","431","text","class MainActivity : ComponentActivity() {; sealed class Screen(val route: String) {; object Login : Screen(""login""); object Home : Screen(""home""); object StationDetail : Screen(""station/{stationId}"") {; fun createRoute(stationId: Long) = ""station/$stationId""; object SlotBooking : Screen(""booking/station/{stationId}"") {; fun createRoute(stationId: Long) = ""booking/station/$stationId""; object BookingConfirmation :; fun createRoute(userId: Long, stationId: Long, connectorType: String, vehicleType: String) ="
"android/app/src/main/java/com/ganesh/ev/ui/components/StationCard.kt","17158","249","text","@Composable; fun StationCard(stationWithScore: StationWithScore, onClick: () -> Unit) {"
"android/app/src/main/java/com/ganesh/ev/ui/screens/BookingConfirmationScreen.kt","21724","317","text","@Composable; fun BookingConfirmationScreen(; fun parseServerDateTime(raw: String?): LocalDateTime? {"
"android/app/src/main/java/com/ganesh/ev/ui/screens/BookingDetailScreen.kt","66364","733","text","@Composable; fun BookingDetailScreen("
"android/app/src/main/java/com/ganesh/ev/ui/screens/ChargingHistoryScreen.kt","6624","140","text","@Composable; fun ChargingHistoryScreen(userId: Long, viewModel: ChargingViewModel = viewModel()) {; @Composable; fun ClayHistoryCard(session: ChargingSession) {"
"android/app/src/main/java/com/ganesh/ev/ui/screens/ChargingScreen.kt","24303","487","text","@Composable; fun ChargingScreen(; @Composable; fun StatCard(; @Composable; fun VitalsRow("
"android/app/src/main/java/com/ganesh/ev/ui/screens/HomeScreen.kt","36782","666","text","@Composable; fun HomeScreen(; fun fetchCurrentLocation() {; @Composable; fun StationContent(; @Composable; fun StationPagerOverlay(; @Composable; fun StationListView(stations: List<StationWithScore>, onStationClick: (Long) -> Unit) {; @Composable"
"android/app/src/main/java/com/ganesh/ev/ui/screens/LoginScreen.kt","12034","291","text","@Composable; fun LoginScreen(; @Composable; fun ClayMobileForm(; @Composable; fun ClayOtpForm(; @Composable; fun ClayProfileForm("
"android/app/src/main/java/com/ganesh/ev/ui/screens/MyBookingsScreen.kt","17759","374","text","@Composable; fun MyBookingsScreen(; fun refresh() {; @Composable; fun ClayBookingCard(booking: Booking, onClick: () -> Unit) {; @Composable; fun BookingListItem(booking: Booking, onClick: () -> Unit) {"
"android/app/src/main/java/com/ganesh/ev/ui/screens/OnboardingScreen.kt","8237","183","text","data class OnboardingPage(; @Composable; fun OnboardingScreen(onFinished: () -> Unit) {; @Composable; fun OnboardingSlide(page: OnboardingPage) {"
"android/app/src/main/java/com/ganesh/ev/ui/screens/ProfileScreen.kt","7507","134","text","@Composable; fun ProfileScreen(user: User?, onLogout: () -> Unit) {"
"android/app/src/main/java/com/ganesh/ev/ui/screens/SlotBookingScreen.kt","20937","368","text","@Composable; fun SlotBookingScreen(; @Composable; @Composable; @Composable"
"android/app/src/main/java/com/ganesh/ev/ui/screens/SplashScreen.kt","5024","120","text","@Composable; fun SplashScreen("
"android/app/src/main/java/com/ganesh/ev/ui/screens/StationDetailScreen.kt","48462","990","text","@Composable; fun StationDetailScreen(; @Composable; fun ClayStationDetailContent(; @Composable; @Composable; @Composable; @Composable; @Composable; @Composable"
"android/app/src/main/java/com/ganesh/ev/ui/theme/ClayComponents.kt","23083","425","text","@Composable; fun ClayCard(; content: @Composable ColumnScope.() -> Unit; @Composable; fun ClayClickableCard(; content: @Composable ColumnScope.() -> Unit; @Composable; fun ClayButton(; content: @Composable RowScope.() -> Unit; @Composable"
"android/app/src/main/java/com/ganesh/ev/ui/theme/ClayModifiers.kt","7965","191","text","fun Modifier.clayOuterShadow(; fun Modifier.clayInnerShadow(; fun Modifier.clayHighlight(; fun Modifier.claySurface(; fun Modifier.clayInset("
"android/app/src/main/java/com/ganesh/ev/ui/theme/Color.kt","3678","66","text",""
"android/app/src/main/java/com/ganesh/ev/ui/theme/Shape.kt","434","11","text",""
"android/app/src/main/java/com/ganesh/ev/ui/theme/Theme.kt","3318","70","text","@Composable; fun EvTheme(darkTheme: Boolean = isSystemInDarkTheme(), content: @Composable () -> Unit) {"
"android/app/src/main/java/com/ganesh/ev/ui/theme/Type.kt","6108","129","text",""
"android/app/src/main/java/com/ganesh/ev/ui/viewmodel/AuthViewModel.kt","7377","161","text","sealed class AuthUiState {; object Initial : AuthUiState(); object Loading : AuthUiState(); data class OtpSent(val otp: String, val message: String) : AuthUiState(); data class OtpValidated(val isNewUser: Boolean, val token: String?, val user: User?) : AuthUiState(); data class ProfileCompleted(val user: User, val token: String) : AuthUiState(); data class Error(val message: String) : AuthUiState(); class AuthViewModel(; fun sendOtp(mobileNumber: String) {; fun validateOtp(mobileNumber: String, otp: String) {"
"android/app/src/main/java/com/ganesh/ev/ui/viewmodel/AuthViewModelFactory.kt","701","15","text","class AuthViewModelFactory(private val context: Context) : ViewModelProvider.Factory {"
"android/app/src/main/java/com/ganesh/ev/ui/viewmodel/BookingViewModel.kt","6000","127","text","sealed class BookingUiState {; object Initial : BookingUiState(); object Loading : BookingUiState(); data class BookingCreated(val booking: Booking) : BookingUiState(); data class BookingsLoaded(val bookings: List<Booking>) : BookingUiState(); data class BookingCancelled(val message: String) : BookingUiState(); data class Error(val message: String) : BookingUiState(); object PromptTruckFallback : BookingUiState(); class BookingViewModel : ViewModel() {; fun setTruckPrice(price: Double?) {"
"android/app/src/main/java/com/ganesh/ev/ui/viewmodel/ChargingViewModel.kt","10581","219","text","sealed class ChargingUiState {; object Initial : ChargingUiState(); object Loading : ChargingUiState(); data class SessionStarted(val session: ChargingSession) : ChargingUiState(); data class SessionStopped(val session: ChargingSession) : ChargingUiState(); data class SessionLoaded(val session: ChargingSession) : ChargingUiState(); data class SessionsLoaded(val sessions: List<ChargingSession>) : ChargingUiState(); data class PowerDataLoaded(val powerData: com.ganesh.ev.data.model.LivePowerData) :; data class Error(val message: String) : ChargingUiState(); class ChargingViewModel : ViewModel() {"
"android/app/src/main/java/com/ganesh/ev/ui/viewmodel/SlotBookingViewModel.kt","2390","46","text","sealed class SlotBookingUiState {; object Initial : SlotBookingUiState(); object Loading : SlotBookingUiState(); data class Success(val slot: ChargerSlot) : SlotBookingUiState(); data class Error(val message: String) : SlotBookingUiState(); class SlotBookingViewModel : ViewModel() {; fun loadSlot(slotId: Long) {"
"android/app/src/main/java/com/ganesh/ev/ui/viewmodel/StationViewModel.kt","16490","347","text","sealed class StationUiState {; object Initial : StationUiState(); object Loading : StationUiState(); data class StationsLoaded(val stations: List<Station>) : StationUiState(); data class NearbyStationsLoaded(val stations: List<StationWithScore>) : StationUiState(); data class StationDetailLoaded(; data class Error(val message: String) : StationUiState(); class StationViewModel : ViewModel() {; fun saveCameraPosition(lat: Double, lng: Double, zoom: Float) {; fun loadStations() {"
"android/app/src/main/java/com/ganesh/ev/util/DateTimeUtils.kt","871","22","text","fun formatBookingDateTime(dateString: String?): String {"
"android/app/src/main/java/com/ganesh/ev/util/LocationHelper.kt","1657","41","text","object LocationHelper {; fun haversineDistance(lat1: Double, lon1: Double, lat2: Double, lon2: Double): Double {; fun navigateToStation(context: Context, lat: Double, lng: Double) {"
"android/app/src/main/res/drawable/current_location_car.png","36621","0","binary",""
"android/app/src/main/res/drawable/ic_launcher_background.xml","4941","74","text","<vector"
"android/app/src/main/res/drawable/ic_launcher_foreground.xml","1731","30","text","<vector xmlns:android=""http://schemas.android.com/apk/res/android"""
"android/app/src/main/res/drawable/logo.png","75750","0","binary",""
"android/app/src/main/res/mipmap-anydpi-v26/ic_launcher.xml","272","5","text","<adaptive-icon xmlns:android=""http://schemas.android.com/apk/res/android"">"
"android/app/src/main/res/mipmap-anydpi-v26/ic_launcher_round.xml","272","5","text","<adaptive-icon xmlns:android=""http://schemas.android.com/apk/res/android"">"
"android/app/src/main/res/mipmap-hdpi/ic_launcher.webp","1618","0","binary",""
"android/app/src/main/res/mipmap-hdpi/ic_launcher_foreground.webp","2076","0","binary",""
"android/app/src/main/res/mipmap-hdpi/ic_launcher_round.webp","3108","0","binary",""
"android/app/src/main/res/mipmap-mdpi/ic_launcher.webp","1042","0","binary",""
"android/app/src/main/res/mipmap-mdpi/ic_launcher_foreground.webp","1306","0","binary",""
"android/app/src/main/res/mipmap-mdpi/ic_launcher_round.webp","1856","0","binary",""
"android/app/src/main/res/mipmap-xhdpi/ic_launcher.webp","2190","0","binary",""
"android/app/src/main/res/mipmap-xhdpi/ic_launcher_foreground.webp","2694","0","binary",""
"android/app/src/main/res/mipmap-xhdpi/ic_launcher_round.webp","4372","0","binary",""
"android/app/src/main/res/mipmap-xxhdpi/ic_launcher.webp","3446","0","binary",""
"android/app/src/main/res/mipmap-xxhdpi/ic_launcher_foreground.webp","4168","0","binary",""
"android/app/src/main/res/mipmap-xxhdpi/ic_launcher_round.webp","6686","0","binary",""
"android/app/src/main/res/mipmap-xxxhdpi/ic_launcher.webp","4806","0","binary",""
"android/app/src/main/res/mipmap-xxxhdpi/ic_launcher_foreground.webp","5728","0","binary",""
"android/app/src/main/res/mipmap-xxxhdpi/ic_launcher_round.webp","9712","0","binary",""
"android/app/src/main/res/values/colors.xml","387","10","text","<resources>"
"android/app/src/main/res/values/strings.xml","70","3","text","<resources>"
"android/app/src/main/res/values/themes.xml","148","4","text","<resources>"
"android/app/src/main/res/xml/backup_rules.xml","490","13","text","<full-backup-content>"
"android/app/src/main/res/xml/data_extraction_rules.xml","569","19","text","<data-extraction-rules>"
"android/app/src/main/res/xml/network_security_config.xml","607","11","text","<network-security-config>"
"android/app/src/test/java/com/ganesh/ev/ExampleUnitTest.kt","353","14","text","class ExampleUnitTest {; fun addition_isCorrect() {"
"android/ARCHITECTURE.md","13308","364","text","# EV Charging Android App - Architecture Analysis; ## Project Overview; ## Technology Stack; ## Project Structure; ## Architecture Pattern: MVVM with Clean Architecture Layers; ### Layer 1: Data Layer"
"android/build.gradle.kts","173","5","text","plugins { |     alias(libs.plugins.android.application) apply false |     alias(libs.plugins.kotlin.android) apply false"
"android/build_log.txt","16012","164","text"," | > Configure project :app | WARNING: The option setting 'android.usesSdkInManifest.disallowed=false' is deprecated."
"android/build_log_final.txt","11132","69","text","> Task :app:clean | > Task :app:preBuild UP-TO-DATE | > Task :app:preDebugBuild UP-TO-DATE"
"android/build_log_retry.txt","1930","36","text",".\gradlew.bat :  | At line:1 char:1 | + .\gradlew.bat clean "
"android/build_log_retry_2.txt","9236","43","text","> Task :app:clean UP-TO-DATE | > Task :app:checkKotlinGradlePluginConfigurationErrors | > Task :app:preBuild UP-TO-DATE"
"android/gradle.properties","1823","35","text","org.gradle.jvmargs=-Xmx2048m -Dfile.encoding=UTF-8; android.useAndroidX=true; kotlin.code.style=official; android.nonTransitiveRClass=true; android.defaults.buildfeatures.resvalues=true; android.sdk.defaultTargetSdkToCompileSdkIfUnset=false; android.enableAppCompileTimeRClass=false; android.usesSdkInManifest.disallowed=false"
"android/gradle/libs.versions.toml","1862","29","text","[versions] | agp = ""9.1.0"" | coreKtx = ""1.13.1"""
"android/gradle/wrapper/gradle-wrapper.jar","45457","0","binary",""
"android/gradle/wrapper/gradle-wrapper.properties","290","8","text","networkTimeout=10000; distributionBase=GRADLE_USER_HOME; distributionUrl=https\://services.gradle.org/distributions/gradle-9.3.1-bin.zip; distributionPath=wrapper/dists; validateDistributionUrl=true; zipStorePath=wrapper/dists; zipStoreBase=GRADLE_USER_HOME"
"android/gradlew","8979","223","text","#!/bin/sh |  | #"
"android/gradlew.bat","2937","73","text","@rem | @rem Copyright 2015 the original author or authors. | @rem"
"android/local.properties","234","4","text","sdk.dir=C:\\Users\\SEPLe\\AppData\\Local\\Android\\Sdk; MAPS_API_KEY=AIzaSyDuRvho-dBc_6yyUIFon_JErAzj4phXUKY; BASE_URL=http://192.168.0.248:8080/"
"android/settings.gradle.kts","640","26","text","pluginManagement { |     repositories { |         google {"
"backend/.env.example","426","13","text","# Database Configuration (Supabase or Local PostgreSQL) | DB_URL=jdbc:postgresql://localhost:5432/ev_project | DB_USERNAME=postgres"
"backend/.gitattributes","40","2","text","/mvnw text eol=lf | *.cmd text eol=crlf"
"backend/.gitignore","427","29","text","HELP.md | target/ | .mvn/wrapper/maven-wrapper.jar"
"backend/.mvn/wrapper/maven-wrapper.properties","171","3","text","wrapperVersion=3.3.4; distributionType=only-script; distributionUrl=https://repo.maven.apache.org/maven2/org/apache/maven/apache-maven/3.9.11/apache-maven-3.9.11-bin.zip"
"backend/build_log.txt","6832","50","text","[INFO] Scanning for projects... | [INFO]  | [INFO] -----------------------< com.ganesh:EV-Project >------------------------"
"backend/build_log_2.txt","3708","25","text","[INFO] Scanning for projects... | [INFO]  | [INFO] -----------------------< com.ganesh:EV-Project >------------------------"
"backend/mvnw","11790","263","text","#!/bin/sh | # ---------------------------------------------------------------------------- | # Licensed to the Apache Software Foundation (ASF) under one"
"backend/mvnw.cmd","8481","165","text","<# : batch portion | @REM ---------------------------------------------------------------------------- | @REM Licensed to the Apache Software Foundation (ASF) under one"
"backend/pom.xml","3939","128","text","<project xmlns=""http://maven.apache.org/POM/4.0.0"""
"backend/run_output.txt","161680","778","text","[INFO] Scanning for projects... | [INFO]  | [INFO] -----------------------< com.ganesh:EV-Project >------------------------"
"backend/run_output2.txt","32172","291","text","[INFO] Scanning for projects... | [INFO]  | [INFO] -----------------------< com.ganesh:EV-Project >------------------------"
"backend/src/main/java/com/ganesh/EV_Project/config/CorsConfig.java","878","21","text","public class CorsConfig {"
"backend/src/main/java/com/ganesh/EV_Project/config/DataSeeder.java","2762","55","text","public class DataSeeder implements CommandLineRunner {"
"backend/src/main/java/com/ganesh/EV_Project/config/JwtRequestFilter.java","2391","46","text","public class JwtRequestFilter extends OncePerRequestFilter {"
"backend/src/main/java/com/ganesh/EV_Project/config/JwtUtil.java","2868","69","text","public class JwtUtil {"
"backend/src/main/java/com/ganesh/EV_Project/config/SecurityConfig.java","3950","68","text","public class SecurityConfig {"
"backend/src/main/java/com/ganesh/EV_Project/config/WebSocketConfig.java","978","21","text","public class WebSocketConfig implements WebSocketMessageBrokerConfigurer {"
"backend/src/main/java/com/ganesh/EV_Project/controller/AuthController.java","11744","219","text","@RequestMapping(""/api/auth""); public class AuthController {; @PostMapping(""/send-otp""); @PostMapping(""/validate-otp""); @PostMapping(""/complete-profile""); @PostMapping(""/login""); @PostMapping(""/register""); @GetMapping(""/me"")"
"backend/src/main/java/com/ganesh/EV_Project/controller/BookingController.java","2615","53","text","@RequestMapping(""/api/bookings""); public class BookingController {; @GetMapping(""/user/{userId}""); @PutMapping(""/{bookingId}/cancel"")"
"backend/src/main/java/com/ganesh/EV_Project/controller/ChargerSlotController.java","3008","57","text","@RequestMapping(""/api/slots""); public class ChargerSlotController {; @GetMapping(""/station/{stationId}""); @GetMapping(""/station/{stationId}/available""); @PutMapping(""/{id}/status""); @PutMapping(""/{id}/connectorType""); @GetMapping(""/{id}""); @PostMapping(""/station/{stationId}"")"
"backend/src/main/java/com/ganesh/EV_Project/controller/ChargingSessionController.java","8849","178","text","@RequestMapping(""/api/charging""); public class ChargingSessionController {; @PostMapping(""/start""); @PostMapping(""/stop/{sessionId}""); @GetMapping(""/session/{sessionId}""); @GetMapping(""/booking/{bookingId}""); @GetMapping(""/user/{userId}"")"
"backend/src/main/java/com/ganesh/EV_Project/controller/Demo.java","301","10","text","public class Demo {; @GetMapping(""/"")"
"backend/src/main/java/com/ganesh/EV_Project/controller/DispensaryController.java","2553","51","text","@RequestMapping(""/api/dispensaries""); public class DispensaryController {; @GetMapping(""/station/{stationId}""); @PostMapping(""/station/{stationId}""); @PutMapping(""/{id}""); @PutMapping(""/{id}/connectorType""); @GetMapping(""/connector-types""); @DeleteMapping(""/{id}"")"
"backend/src/main/java/com/ganesh/EV_Project/controller/IoTDataController.java","3454","69","text","@RequestMapping(""/api/iot""); public class IoTDataController {; @PostMapping(""/sensor-data""); @GetMapping(""/stations/{stationId}/live-power"")"
"backend/src/main/java/com/ganesh/EV_Project/controller/PaymentController.java","2714","61","text","@RequestMapping(""/api/payments""); public class PaymentController {; @PostMapping(""/create-intent/{bookingId}""); @PostMapping(""/webhook""); @GetMapping(""/booking/{bookingId}"")"
"backend/src/main/java/com/ganesh/EV_Project/controller/StationController.java","2293","48","text","@RequestMapping(""/api/stations""); public class StationController {; @GetMapping(""/owner/{ownerId}""); @GetMapping(""/{id}""); @PutMapping(""/{id}""); @DeleteMapping(""/{id}"")"
"backend/src/main/java/com/ganesh/EV_Project/controller/StationRecommendationController.java","3086","60","text","@RequestMapping(""/api/stations""); public class StationRecommendationController {; @GetMapping(""/viewport""); @GetMapping(""/viewport-nearby""); @GetMapping(""/nearby""); @GetMapping(""/{id}/detail"")"
"backend/src/main/java/com/ganesh/EV_Project/controller/WebSocketController.java","1216","24","text","public class WebSocketController {"
"backend/src/main/java/com/ganesh/EV_Project/dto/BookingRequest.java","860","22","text","public class BookingRequest {"
"backend/src/main/java/com/ganesh/EV_Project/dto/ChargingSessionRequest.java","279","11","text","public class ChargingSessionRequest {"
"backend/src/main/java/com/ganesh/EV_Project/dto/StationMarkerDTO.java","328","13","text","public class StationMarkerDTO {"
"backend/src/main/java/com/ganesh/EV_Project/dto/StationPinDTO.java","391","16","text","public class StationPinDTO {"
"backend/src/main/java/com/ganesh/EV_Project/dto/StationScoreDTO.java","734","22","text","public class StationScoreDTO {"
"backend/src/main/java/com/ganesh/EV_Project/dto/ViewportResponseDTO.java","421","15","text","public class ViewportResponseDTO {"
"backend/src/main/java/com/ganesh/EV_Project/enums/BookingStatus.java","323","9","text","public enum BookingStatus {"
"backend/src/main/java/com/ganesh/EV_Project/enums/ConnectorType.java","266","9","text","public enum ConnectorType {"
"backend/src/main/java/com/ganesh/EV_Project/enums/SlotStatus.java","408","12","text","public enum SlotStatus {"
"backend/src/main/java/com/ganesh/EV_Project/enums/SlotType.java","236","8","text","public enum SlotType {"
"backend/src/main/java/com/ganesh/EV_Project/enums/VehicleType.java","91","5","text","public enum VehicleType {"
"backend/src/main/java/com/ganesh/EV_Project/EvProjectApplication.java","418","11","text","public class EvProjectApplication {"
"backend/src/main/java/com/ganesh/EV_Project/exception/APIException.java","267","9","text","public class APIException extends RuntimeException{"
"backend/src/main/java/com/ganesh/EV_Project/exception/MyGlobalExceptionHandler.java","2319","40","text","public class MyGlobalExceptionHandler {"
"backend/src/main/java/com/ganesh/EV_Project/exception/ResourceNotFoundException.java","836","21","text","public class ResourceNotFoundException extends RuntimeException{"
"backend/src/main/java/com/ganesh/EV_Project/model/Booking.java","1786","50","text","public class Booking {"
"backend/src/main/java/com/ganesh/EV_Project/model/ChargerSlot.java","2133","53","text","public class ChargerSlot {"
"backend/src/main/java/com/ganesh/EV_Project/model/ChargingSession.java","1109","37","text","public class ChargingSession {"
"backend/src/main/java/com/ganesh/EV_Project/model/Dispensary.java","1184","35","text","public class Dispensary {"
"backend/src/main/java/com/ganesh/EV_Project/model/IoTSensorData.java","829","28","text","public class IoTSensorData {"
"backend/src/main/java/com/ganesh/EV_Project/model/Otp.java","564","21","text","public class Otp {"
"backend/src/main/java/com/ganesh/EV_Project/model/Payment.java","1274","50","text","public class Payment {; public enum PaymentStatus {"
"backend/src/main/java/com/ganesh/EV_Project/model/Station.java","3692","93","text","public class Station {"
"backend/src/main/java/com/ganesh/EV_Project/model/User.java","1128","38","text","public class User {; public enum Role {"
"backend/src/main/java/com/ganesh/EV_Project/payload/APIResponse.java","468","19","text","public class APIResponse {"
"backend/src/main/java/com/ganesh/EV_Project/repository/BookingRepository.java","1739","29","text","public interface BookingRepository extends JpaRepository<Booking, Long> {"
"backend/src/main/java/com/ganesh/EV_Project/repository/ChargerSlotRepository.java","1642","32","text","public interface ChargerSlotRepository extends JpaRepository<ChargerSlot, Long> {"
"backend/src/main/java/com/ganesh/EV_Project/repository/ChargingSessionRepository.java","513","10","text","public interface ChargingSessionRepository extends JpaRepository<ChargingSession, Long> {"
"backend/src/main/java/com/ganesh/EV_Project/repository/DispensaryRepository.java","399","9","text","public interface DispensaryRepository extends JpaRepository<Dispensary, Long> {"
"backend/src/main/java/com/ganesh/EV_Project/repository/IoTSensorDataRepository.java","584","12","text","public interface IoTSensorDataRepository extends JpaRepository<IoTSensorData, Long> {"
"backend/src/main/java/com/ganesh/EV_Project/repository/OtpRepository.java","339","7","text","public interface OtpRepository extends JpaRepository<Otp, Long> {"
"backend/src/main/java/com/ganesh/EV_Project/repository/PaymentRepository.java","465","10","text","public interface PaymentRepository extends JpaRepository<Payment, Long> {"
"backend/src/main/java/com/ganesh/EV_Project/repository/StationRepository.java","1676","27","text","public interface StationRepository extends JpaRepository<Station, Long> {"
"backend/src/main/java/com/ganesh/EV_Project/repository/UserRepository.java","426","10","text","public interface UserRepository extends JpaRepository<User, Long> {"
"backend/src/main/java/com/ganesh/EV_Project/service/BookingService.java","9379","183","text","public class BookingService {"
"backend/src/main/java/com/ganesh/EV_Project/service/ChargerSlotService.java","2526","54","text","public class ChargerSlotService {"
"backend/src/main/java/com/ganesh/EV_Project/service/ChargingSimulatorService.java","8563","178","text","public class ChargingSimulatorService {; public static class SimulatedSession {"
"backend/src/main/java/com/ganesh/EV_Project/service/DispensaryService.java","4949","101","text","public class DispensaryService {"
"backend/src/main/java/com/ganesh/EV_Project/service/OtpService.java","1522","39","text","public class OtpService {"
"backend/src/main/java/com/ganesh/EV_Project/service/PaymentService.java","3713","82","text","public class PaymentService {"
"backend/src/main/java/com/ganesh/EV_Project/service/StationRecommendationService.java","9805","181","text","public class StationRecommendationService {"
"backend/src/main/java/com/ganesh/EV_Project/service/StationService.java","4944","98","text","public class StationService {"
"backend/src/main/java/com/ganesh/EV_Project/service/UserDetailsServiceImpl.java","1543","28","text","public class UserDetailsServiceImpl implements UserDetailsService {"
"backend/src/main/java/com/ganesh/EV_Project/service/UserService.java","1420","36","text","public class UserService {"
"backend/src/main/resources/application.properties","1206","28","text","spring.application.name=ev-project; server.port=8080; server.address=0.0.0.0; spring.profiles.active=dev; spring.datasource.url=DB_URL; spring.datasource.username=DB_USERNAME; spring.datasource.password=DB_PASSWORD; spring.datasource.driver-class-name=org.postgresql.Driver"
"backend/src/main/resources/application-dev.properties","1337","27","text","spring.application.name=ev-project; server.port=8080; server.address=0.0.0.0; spring.datasource.url=${DB_URL:jdbc:postgresql://aws-1-ap-south-1.pooler.supabase.com:6543/postgres?sslmode=require&prepareThreshold=0}; spring.datasource.username=${DB_USERNAME:postgres.pjaydfyqtlubpmtrlsad}; spring.datasource.password=${DB_PASSWORD:plugsyPostgre2026}; spring.datasource.driver-class-name=org.postgresql.Driver; spring.jpa.hibernate.ddl-auto=update"
"backend/src/test/java/com/ganesh/EV_Project/EvProjectApplicationTests.java","229","9","text","class EvProjectApplicationTests {"
"CODEBASE_ANALYSIS_REPORT.md","2","0","text",""
"IMPLEMENTATION_SUMMARY.md","8519","212","text","# EV Charging Management System - Implementation Summary; ## Project Overview; ## Backend Implementation (Spring Boot); ### Phase 1: Security & JWT Authentication; ### Phase 2: Validation & Conflict Detection; ### Phase 3: Real-time Updates (WebSocket)"
"PROJECT_DOCUMENTATION.md","7134","251","text","# EV Charging Management System - Documentation; ## Overview; ## Architecture; ## Backend (`backend/`); ### Tech Stack; ### Key Dependencies"
"README.md","92695","2191","text","# ???? EV Charging Management System; ## **Smart EV Charging, Simplified. Book. Charge. Pay. Done.**; ### ???? Quick Navigation; # ???? PART 1 ??? FOR EVERYONE ????; ## Table of Contents (Part 1); ## What Is This Project?"
"session-ses_3af0.md","192904","3905","text","# File path session-ses_3af7.md: what to do with it; ## User; ## User; ## User; ## User; ## User"
"vehicle-dispensary-plan.md","2899","32","text","# Vehicle Types & Dispensaries Plan; ## Goal; ## Context; ## Tasks; ### 1. Backend Database Schema Upgrades; ### 2. Backend API Logic"
"web/index.html","389","13","text","<!doctype html> | <html lang=""en""> |   <head>"
"web/package.json","1381","45","text","""name"": ""ev-admin-web"",; ""version"": ""0.0.0"",; ""scripts"": {; ""dependencies"": {"
"web/package-lock.json","277367","6520","text","""name"": ""ev-admin-web"",; ""version"": ""0.0.0"",; ""lockfileVersion"": 3,; ""name"": ""ev-admin-web"",; ""version"": ""0.0.0"",; ""dependencies"": {; ""version"": ""7.29.0"",; ""dependencies"": {"
"web/src/.env","0","0","text",""
"web/src/api/axios.js","1200","39","text","const api = axios.create({; api.interceptors.request.use(; const token = localStorage.getItem('token');; api.interceptors.response.use(; export default api;"
"web/src/App.jsx","4497","70","text","function App() {; <Route path=""/login"" element={<LoginPage />} />; <Route path=""/register"" element={<RegisterPage />} />; <Route element={<PrivateRoute />}>; <Route element={<RoleRoute allowedRole=""ADMIN"" />}>; <Route element={<DashboardLayout navItems={adminNav} sidebarTitle=""Plugsy Admin"" />}>; <Route path=""/admin"" element={<DashboardOverview />} />; <Route path=""/admin/stations"" element={<StationsList />} />; <Route path=""/admin/users"" element={<div className=""p-8 text-slate-700 font-medium"">Users Page ??? Coming Soon</div>} />; <Route path=""/admin/bookings"" element={<div className=""p-8 text-slate-700 font-medium"">Bookings Page ??? Coming Soon</div>} />; <Route path=""/admin/analytics"" element={<div className=""p-8 text-slate-700 font-medium"">Analytics Page ??? Coming Soon</div>} />; <Route path=""/admin/settings"" element={<div className=""p-8 text-slate-700 font-medium"">Settings Page ??? Coming Soon</div>} />"
"web/src/components/auth/PrivateRoute.jsx","518","15","text","export default function PrivateRoute() {"
"web/src/components/auth/RoleRoute.jsx","1092","29","text","export default function RoleRoute({ allowedRole }) {"
"web/src/components/common/DataTable.jsx","1865","39","text","export default function DataTable({ columns, data, keyField }) {"
"web/src/components/common/QuickActionCard.jsx","766","15","text","export default function QuickActionCard({ title, icon: Icon, iconColor, onClick }) {"
"web/src/components/common/StatCard.jsx","1584","31","text","export default function StatCard({ title, value, icon: Icon, iconColor, trend, trendValue, trendLabel }) {"
"web/src/components/common/StatusBadge.jsx","1230","43","text","export default function StatusBadge({ status }) {"
"web/src/components/layout/DashboardLayout.jsx","935","22","text","export default function DashboardLayout({ navItems, sidebarTitle }) {"
"web/src/components/layout/Header.jsx","5167","96","text","export default function Header() {"
"web/src/components/layout/Sidebar.jsx","3690","77","text","export default function Sidebar({ navItems = [], title = ""Plugsy Admin"", subtitle = ""EV Management"" }) {; const dispatch = useDispatch();; dispatch(logout());"
"web/src/components/owner/.AddStationModal.jsx.swp","16384","32","text","b0VIM 9.1      .??iVT? ??  ganesh                                  ganesh                                  ~ganesh/Work/Projects/EV-Project/web/src/components/owner/AddStationModal.jsx                                                                                                                                                                                                                                                                                                                                                                                                                                                                                                                                                                                                                                                                                                                                                                                                                                                      |  3210    #""! U                                                                                                                                                                                                                                                                                                                                                                                                                                                                                                                                                                                                                                                                                                                                                                                                                                                                                                                                                                                                                                                                                                                                                                                                                                                                                                                                                                                                                                                                                                                                                                                                                                                                                                                                                                                                                                                                                                                                                                                                                                                                                                                                                                                                                                                                                                                                                                                                                                                                                                                                                                                                                                                                                                                                                                                                                                                                                                                                                                                                                                                                                                                                                                                                 tp           i                     ????????V       j              ????????3       ?              ????????*       ?              ????????'                    ????????""       D             ????????3       f                                                                                                                                                                                                                                                                                                                                                                                                                                                                                                                                                                                                                                                                                                                                                                                                                                                                                                                                                                                                                                                                                                                                                                                                                                                                                                                                                                                                                                                                                                                                                                                                                                                                                                                                                                                                                                                                                                                                                                                                                                                                                                                                                                                                                                                                                                                                                                                                                                                                                                                                                                                                                                                                                                                                                                                                                                                                                                                                                                                                                                                                                                                                                                                                                                                                                                                                                                                                                                                                                                                                                                                                                                                                                                                                                                                                                                                                                                                                                                                                                                     ad  (   ?     i       ?  ?    ?  ?  ?  ?  u  ;    ? |   ?"
"web/src/components/owner/AddStationModal.jsx","34522","481","text","export default function AddStationModal({ isOpen, onClose, onSuccess }) {; const [loading, setLoading] = useState(false);; const [currentStep, setCurrentStep] = useState(1);; const [connectorTypes, setConnectorTypes] = useState([]);; const [formData, setFormData] = useState({; useEffect(() => {; api.get('/dispensaries/connector-types'); const response = await api.post('/stations', payload);; await api.post(`/dispensaries/station/${newStationId}`, disp);"
"web/src/components/owner/LocationPicker.jsx","14158","312","text","function MapFlyTo({ position, zoom }) {; useEffect(() => {; useEffect(() => {; function DraggableMarker({ position, onDragEnd }) {; function MapClickHandler({ onClick }) {; export default function LocationPicker({ latitude, longitude, address, onLocationChange }) {; const [searchQuery, setSearchQuery] = useState('');; const [suggestions, setSuggestions] = useState([]);; const [searching, setSearching] = useState(false);; const [gpsLoading, setGpsLoading] = useState(false);; const [showSuggestions, setShowSuggestions] = useState(false);; const [mapPosition, setMapPosition] = useState(null);"
"web/src/index.css","622","19","text","@import ""tailwindcss""; |  | @theme {"
"web/src/main.jsx","1088","32","text",""
"web/src/pages/admin/DashboardOverview.jsx","7737","134","text","export default function DashboardOverview() {"
"web/src/pages/admin/StationsList.jsx","8219","104","text","export default function StationsList() {"
"web/src/pages/auth/LoginPage.jsx","8259","150","text","export default function LoginPage() {; const [email, setEmail] = useState('');; const [password, setPassword] = useState('');; const [loading, setLoading] = useState(false);; const dispatch = useDispatch();; useEffect(() => {; const response = await api.post('/auth/login', { email, password });; dispatch(setCredentials({ token, user }));; dispatch({ type: 'auth/logout' });"
"web/src/pages/auth/RegisterPage.jsx","8517","151","text","export default function RegisterPage() {; const [name, setName] = useState('');; const [email, setEmail] = useState('');; const [password, setPassword] = useState('');; const [loading, setLoading] = useState(false);; const dispatch = useDispatch();; useEffect(() => {; const response = await api.post('/auth/register', {; dispatch(setCredentials({ token, user }));"
"web/src/pages/owner/ManageStationPage.jsx","44073","729","text","function TabButton({ active, icon: Icon, label, onClick }) {; function InputField({ label, value, onChange, type = 'text', placeholder, icon: Icon }) {; function GunStatusBadge({ status }) {; function OverviewTab({ station, setStation, onSave, saving }) {; function DispensersTab({ stationId }) {; const [dispensers, setDispensers] = useState([]);; const [slots, setSlots] = useState([]);; const [loading, setLoading] = useState(true);; const [expandedId, setExpandedId] = useState(null);; const [addingNew, setAddingNew] = useState(false);; const [isAddingDispensary, setIsAddingDispensary] = useState(false);; const [connectorTypes, setConnectorTypes] = useState([]);"
"web/src/pages/owner/MyStations.jsx","13457","196","text","export default function MyStations() {; const [stations, setStations] = useState([]);; const [loading, setLoading] = useState(true);; const [isAddModalOpen, setIsAddModalOpen] = useState(false);; const response = await api.get(`/stations/owner/${user.id}`);; useEffect(() => {; await api.delete(`/stations/${stationId}`);"
"web/src/pages/owner/PumpOwnerDashboard.jsx","11232","226","text","const [expanded, setExpanded] = useState(true);; export default function PumpOwnerDashboard() {"
"web/src/store/authSlice.js","1274","34","text","import { createSlice } from '@reduxjs/toolkit';; const initialState = {; const authSlice = createSlice({; export default authSlice.reducer;"
"web/src/store/index.js","311","9","text","import { configureStore } from '@reduxjs/toolkit';; export const store = configureStore({"
"web/src/store/stationSlice.js","1096","33","text","import { createSlice } from '@reduxjs/toolkit';; const initialState = {; const stationSlice = createSlice({; export default stationSlice.reducer;"
"web/vite.config.js","230","7","text","export default defineConfig({"
